Date,Credit_Interieur,Impots_Revenus,Inflation_Rate,Paiements_Interet,Taux_Interet,RNB_Par_Habitant,Masse_Monetaire,PIB_US_Courants,RNB_US_Courants
1961-01-31,25.1,14.1,6.0,3.0,9.077,1853.7,102620000.0,866155429.0,864914819.0
1961-02-28,25.102,13.909,5.999,3.02,9.037,1858.113,103445710.0,867303054.0,865580313.0
1961-03-31,25.108,13.731,5.994,3.04,8.862,1862.526,104278065.0,868452200.0,866246319.0
1961-04-30,25.117,13.566,5.974,3.059,8.713,1866.938,105117117.0,869602868.0,866912837.0
1961-05-31,25.129,13.415,5.937,3.078,8.521,1871.351,105962920.0,870755061.0,867579869.0
1961-06-30,25.143,13.28,5.885,3.096,8.417,1875.764,106815528.0,871908781.0,868247413.0
1961-07-31,25.161,13.159,5.826,3.113,8.308,1880.177,107674997.0,873064029.0,868915471.0
1961-08-31,25.18,13.055,5.772,3.13,8.362,1884.589,108541381.0,874220808.0,869584043.0
1961-09-30,25.201,12.968,5.733,3.145,8.249,1889.002,109414737.0,875379119.0,870253130.0
1961-10-31,25.223,12.898,5.716,3.16,8.212,1893.415,110295120.0,876538966.0,870922731.0
1961-11-30,25.247,12.847,5.726,3.174,8.059,1897.828,111182587.0,877700349.0,871592848.0
1961-12-31,25.271,12.814,5.757,3.186,8.187,1902.24,112077194.0,878863271.0,872263480.0
1962-01-31,25.296,12.8,5.8,3.198,8.154,1906.653,112979000.0,880027733.0,872934629.0
1962-02-28,25.322,12.808,5.85,3.209,8.059,1911.066,115204498.0,891408186.0,883915651.0
1962-03-31,25.352,12.839,5.905,3.218,8.076,1915.479,117473835.0,902935809.0,895034809.0
1962-04-30,25.386,12.888,5.955,3.226,8.111,1919.892,119787874.0,914612507.0,906293840.0
1962-05-31,25.424,12.954,5.994,3.234,8.176,1924.304,122147496.0,926440207.0,917694503.0
1962-06-30,25.466,13.032,6.022,3.241,8.267,1928.717,124553598.0,938420861.0,929238580.0
1962-07-31,25.513,13.121,6.044,3.248,8.313,1933.13,127007097.0,950556449.0,940927874.0
1962-08-31,25.564,13.215,6.071,3.255,8.354,1937.543,129508925.0,962848973.0,952764214.0
1962-09-30,25.621,13.313,6.113,3.262,8.474,1941.955,132060036.0,975300464.0,964749448.0
1962-10-31,25.683,13.412,6.176,3.27,8.459,1946.368,134661399.0,987912976.0,976885449.0
1962-11-30,25.75,13.507,6.262,3.278,8.546,1950.781,137314004.0,1000688592.0,989174114.0
1962-12-31,25.823,13.596,6.367,3.286,8.615,1955.194,140018861.0,1013629421.0,1001617364.0
1963-01-31,25.901,13.676,6.48,3.296,8.678,1959.606,142777000.0,1026737600.0,1014217143.0
1963-02-28,25.998,13.748,6.589,3.308,8.777,1964.07,143150253.0,1026665004.0,1013980979.0
1963-03-31,26.149,13.827,6.693,3.321,8.717,1968.726,143524482.0,1026592414.0,1013744870.0
1963-04-30,26.347,13.911,6.779,3.335,8.816,1973.528,143899689.0,1026519829.0,1013508816.0
1963-05-31,26.582,13.998,6.843,3.35,8.874,1978.414,144275876.0,1026447249.0,1013272817.0
1963-06-30,26.844,14.086,6.883,3.367,8.82,1983.324,144653048.0,1026374674.0,1013036872.0
1963-07-31,27.121,14.171,6.907,3.384,8.962,1988.198,145031205.0,1026302104.0,1012800983.0
1963-08-31,27.403,14.252,6.926,3.402,8.923,1992.974,145410351.0,1026229539.0,1012565149.0
1963-09-30,27.679,14.325,6.952,3.42,8.939,1997.591,145790488.0,1026156979.0,1012329370.0
1963-10-31,27.94,14.389,6.994,3.438,9.129,2001.989,146171619.0,1026084425.0,1012093645.0
1963-11-30,28.174,14.441,7.054,3.457,9.157,2006.107,146553746.0,1026011875.0,1011857976.0
1963-12-31,28.372,14.478,7.126,3.474,9.146,2009.884,146936872.0,1025939331.0,1011622361.0
1964-01-31,28.522,14.497,7.198,3.492,9.063,2013.26,147321000.0,1025866792.0,1011386801.0
1964-02-29,28.62,14.492,7.253,3.508,9.026,2016.204,148309136.0,1022919052.0,1007582394.0
1964-03-31,28.696,14.43,7.281,3.525,9.127,2018.886,149303900.0,1019979783.0,1003792297.0
1964-04-30,28.758,14.315,7.275,3.543,9.071,2021.366,150305337.0,1017048958.0,1000016457.0
1964-05-31,28.811,14.16,7.233,3.561,8.996,2023.675,151313490.0,1014126556.0,996254820.0
1964-06-30,28.856,13.976,7.161,3.58,9.043,2025.846,152328406.0,1011212551.0,992507333.0
1964-07-31,28.897,13.774,7.072,3.598,8.935,2027.909,153350129.0,1008306918.0,988773942.0
1964-08-31,28.937,13.565,6.982,3.616,9.064,2029.895,154378705.0,1005409635.0,985054594.0
1964-09-30,28.979,13.36,6.908,3.633,8.917,2031.836,155414180.0,1002520677.0,981349237.0
1964-10-31,29.025,13.172,6.861,3.649,8.956,2033.763,156456600.0,999640021.0,977657819.0
1964-11-30,29.079,13.011,6.847,3.665,8.86,2035.707,157506012.0,996767641.0,973980285.0
1964-12-31,29.145,12.888,6.864,3.679,8.862,2037.699,158562463.0,993903515.0,970316585.0
1965-01-31,29.224,12.815,6.903,3.692,8.832,2039.771,159626000.0,991047619.0,966666667.0
1965-02-28,29.323,12.802,6.952,3.703,8.733,2041.966,161269720.0,995113346.0,970548048.0
1965-03-31,29.492,12.833,7.0,3.713,8.823,2044.447,162930366.0,999195753.0,974445013.0
1965-04-30,29.733,12.895,7.034,3.722,8.728,2047.184,164608113.0,1003294907.0,978357626.0
1965-05-31,30.035,12.983,7.05,3.73,8.687,2050.087,166303135.0,1007410878.0,982285949.0
1965-06-30,30.384,13.089,7.049,3.738,8.603,2053.062,168015612.0,1011543734.0,986230045.0
1965-07-31,30.767,13.207,7.041,3.745,8.474,2056.019,169745723.0,1015693546.0,990189977.0
1965-08-31,31.173,13.329,7.036,3.752,8.45,2058.864,171493649.0,1019860381.0,994165809.0
1965-09-30,31.589,13.451,7.048,3.759,8.236,2061.507,173259574.0,1024044311.0,998157605.0
1965-10-31,32.001,13.563,7.088,3.766,8.187,2063.854,175043684.0,1028245406.0,1002165429.0
1965-11-30,32.397,13.661,7.156,3.773,8.105,2065.814,176846165.0,1032463735.0,1006189346.0
1965-12-31,32.764,13.738,7.25,3.782,8.107,2067.295,178667206.0,1036699370.0,1010229419.0
1966-01-31,33.09,13.786,7.358,3.791,8.09,2068.205,180507000.0,1040952381.0,1014285714.0
1966-02-28,33.362,13.799,7.463,3.802,8.063,2068.432,181438675.0,1044610981.0,1017114920.0
1966-03-31,33.616,13.76,7.56,3.814,8.176,2066.928,182375158.0,1048282441.0,1019952017.0
1966-04-30,33.872,13.667,7.641,3.829,8.151,2063.433,183316475.0,1051966804.0,1022797028.0
1966-05-31,34.127,13.533,7.698,3.846,8.214,2058.349,184262651.0,1055664116.0,1025649975.0
1966-06-30,34.378,13.368,7.733,3.864,8.35,2052.082,185213710.0,1059374423.0,1028510879.0
1966-07-31,34.619,13.182,7.752,3.882,8.387,2045.035,186169678.0,1063097771.0,1031379764.0
1966-08-31,34.849,12.986,7.769,3.901,8.609,2037.612,187130580.0,1066834205.0,1034256651.0
1966-09-30,35.063,12.791,7.797,3.92,8.594,2030.217,188096442.0,1070583771.0,1037141563.0
1966-10-31,35.258,12.608,7.845,3.939,8.856,2023.254,189067289.0,1074346516.0,1040034521.0
1966-11-30,35.43,12.446,7.915,3.957,8.91,2017.126,190043147.0,1078122486.0,1042935550.0
1966-12-31,35.575,12.317,8.002,3.973,8.88,2012.239,191024042.0,1081911727.0,1045844670.0
1967-01-31,35.69,12.232,8.09,3.988,8.893,2008.995,192010000.0,1085714286.0,1048761905.0
1967-02-28,35.772,12.2,8.161,4.0,9.057,2007.799,193961020.0,1095916206.0,1057970581.0
1967-03-31,35.833,12.214,8.2,4.01,9.034,2010.089,195931865.0,1106213988.0,1067260115.0
1967-04-30,35.892,12.256,8.2,4.019,9.03,2016.619,197922736.0,1116608534.0,1076631215.0
1967-05-31,35.946,12.321,8.159,4.028,9.023,2026.643,199933836.0,1127100752.0,1086084598.0
1967-06-30,35.997,12.405,8.085,4.035,8.88,2039.419,201965370.0,1137691560.0,1095620988.0
1967-07-31,36.044,12.504,7.99,4.042,8.908,2054.204,204017548.0,1148381884.0,1105241111.0
1967-08-31,36.086,12.615,7.894,4.049,8.839,2070.254,206090577.0,1159172661.0,1114945704.0
1967-09-30,36.123,12.732,7.814,4.056,8.943,2086.826,208184671.0,1170064833.0,1124735509.0
1967-10-31,36.155,12.853,7.764,4.063,8.868,2103.176,210300043.0,1181059353.0,1134611273.0
1967-11-30,36.182,12.972,7.749,4.071,8.783,2118.562,212436909.0,1192157184.0,1144573752.0
1967-12-31,36.203,13.087,7.767,4.079,8.702,2132.24,214595488.0,1203359295.0,1154623707.0
1968-01-31,36.217,13.192,7.808,4.088,8.71,2143.466,216776000.0,1214666667.0,1164761905.0
1968-02-29,36.226,13.285,7.859,4.098,8.676,2151.498,217835784.0,1220765249.0,1170387796.0
1968-03-31,36.23,13.369,7.908,4.11,8.707,2156.783,218900750.0,1226894451.0,1176040860.0
1968-04-30,36.233,13.461,7.949,4.123,8.644,2161.376,219970922.0,1233054427.0,1181721229.0
1968-05-31,36.236,13.558,7.973,4.137,8.631,2165.43,221046325.0,1239245330.0,1187429035.0
1968-06-30,36.239,13.656,7.983,4.153,8.498,2169.046,222126987.0,1245467317.0,1193164410.0
1968-07-31,36.242,13.754,7.987,4.17,8.372,2172.324,223212931.0,1251720543.0,1198927487.0
1968-08-31,36.244,13.849,7.997,4.187,8.401,2175.363,224304185.0,1258005165.0,1204718401.0
1968-09-30,36.246,13.938,8.027,4.205,8.335,2178.261,225400773.0,1264321341.0,1210537285.0
1968-10-31,36.248,14.018,8.086,4.223,8.226,2181.12,226502723.0,1270669229.0,1216384274.0
1968-11-30,36.249,14.087,8.178,4.241,8.185,2184.038,227610059.0,1277048988.0,1222259505.0
1968-12-31,36.25,14.142,8.295,4.259,8.065,2187.114,228722810.0,1283460779.0,1228163114.0
1969-01-31,36.251,14.18,8.425,4.277,7.997,2190.449,229841000.0,1289904762.0,1234095238.0
1969-02-28,36.251,14.199,8.546,4.294,7.912,2194.141,231524035.0,1301733943.0,1245655278.0
1969-03-31,36.25,14.198,8.643,4.311,7.781,2198.149,233219394.0,1313671605.0,1257323602.0
1969-04-30,36.241,14.186,8.713,4.328,7.718,2202.067,234927167.0,1325718742.0,1269101227.0
1969-05-31,36.226,14.165,8.751,4.346,7.624,2205.928,236647446.0,1337876358.0,1280989175.0
1969-06-30,36.205,14.137,8.759,4.364,7.631,2209.804,238380322.0,1350145467.0,1292988480.0
1969-07-31,36.178,14.101,8.748,4.382,7.495,2213.771,240125887.0,1362527091.0,1305100186.0
1969-08-31,36.147,14.058,8.735,4.4,7.438,2217.903,241884234.0,1375022261.0,1317325344.0
1969-09-30,36.112,14.011,8.735,4.418,7.415,2222.274,243655456.0,1387632019.0,1329665018.0
1969-10-31,36.072,13.959,8.761,4.435,7.243,2226.958,245439649.0,1400357417.0,1342120280.0
1969-11-30,36.03,13.905,8.817,4.452,7.202,2232.029,247236907.0,1413199513.0,1354692214.0
1969-12-31,35.986,13.848,8.897,4.467,7.198,2237.561,249047325.0,1426159380.0,1367381911.0
1970-01-31,35.94,13.789,8.986,4.481,7.085,2243.629,250871000.0,1439238095.0,1380190476.0
1970-02-28,35.893,13.73,9.066,4.494,7.043,2250.307,254913795.0,1458282741.0,1399354284.0
1970-03-31,35.843,13.669,9.116,4.505,7.073,2257.809,259021740.0,1477579395.0,1418784180.0
1970-04-30,35.779,13.585,9.123,4.515,7.076,2267.048,263195885.0,1497131390.0,1438483858.0
1970-05-31,35.701,13.48,9.084,4.524,7.227,2278.055,267437296.0,1516942106.0,1458457063.0
1970-06-30,35.61,13.359,9.008,4.531,7.265,2290.683,271747058.0,1537014967.0,1478707595.0
1970-07-31,35.51,13.229,8.908,4.539,7.307,2304.785,276126271.0,1557353441.0,1499239304.0
1970-08-31,35.402,13.094,8.806,4.546,7.418,2320.213,280576056.0,1577961042.0,1520056093.0
1970-09-30,35.29,12.96,8.721,4.553,7.488,2336.82,285097550.0,1598841333.0,1541161921.0
1970-10-31,35.176,12.833,8.667,4.56,7.476,2354.459,289691907.0,1619997921.0,1562560802.0
1970-11-30,35.061,12.719,8.652,4.567,7.66,2372.982,294360302.0,1641434462.0,1584256804.0
1970-12-31,34.949,12.623,8.672,4.575,7.677,2392.243,299103929.0,1663154662.0,1606254052.0
1971-01-31,34.842,12.551,8.716,4.583,7.779,2412.094,303924000.0,1685162272.0,1628556731.0
1971-02-28,34.742,12.509,8.768,4.593,7.839,2432.387,307856035.0,1725451456.0,1667473440.0
1971-03-31,34.651,12.504,8.814,4.604,7.779,2453.33,311838941.0,1766703882.0,1707320120.0
1971-04-30,34.555,12.576,8.844,4.618,7.769,2479.719,315873377.0,1808942578.0,1748118994.0
1971-05-31,34.453,12.723,8.854,4.635,7.806,2511.897,319960007.0,1852191126.0,1789892815.0
1971-06-30,34.346,12.929,8.845,4.656,7.854,2548.297,324099510.0,1896473668.0,1832664883.0
1971-07-31,34.239,13.18,8.828,4.677,7.929,2587.352,328292567.0,1941814925.0,1876459050.0
1971-08-31,34.134,13.46,8.818,4.699,7.949,2627.495,332539872.0,1988240210.0,1921299742.0
1971-09-30,34.034,13.754,8.83,4.722,7.826,2667.16,336842126.0,2035775440.0,1967211968.0
1971-10-31,33.942,14.045,8.875,4.743,7.918,2704.78,341200042.0,2084447151.0,2014221332.0
1971-11-30,33.86,14.32,8.959,4.762,7.916,2738.788,345614338.0,2134282515.0,2062354052.0
1971-12-31,33.793,14.561,9.072,4.778,7.9,2767.617,350085744.0,2185309352.0,2111636973.0
1972-01-31,33.742,14.755,9.202,4.79,7.9,2789.701,354615000.0,2237556149.0,2162097581.0
1972-02-29,33.711,14.884,9.327,4.798,7.954,2803.472,360089202.0,2275012474.0,2196325828.0
1972-03-31,33.703,14.936,9.427,4.8,8.074,2807.429,365647910.0,2313095812.0,2231095944.0
1972-04-30,33.801,14.954,9.491,4.795,8.005,2804.708,371292428.0,2351816659.0,2266416508.0
1972-05-31,34.031,14.971,9.517,4.783,8.074,2798.288,377024081.0,2391185687.0,2302296232.0
1972-06-30,34.368,14.986,9.509,4.765,8.148,2788.917,382844213.0,2431213746.0,2338743970.0
1972-07-31,34.783,15.0,9.481,4.742,8.142,2777.344,388754191.0,2471911868.0,2375768713.0
1972-08-31,35.251,15.012,9.452,4.716,8.294,2764.315,394755401.0,2513291269.0,2413379597.0
1972-09-30,35.745,15.023,9.441,4.686,8.349,2750.578,400849252.0,2555363356.0,2451585899.0
1972-10-31,36.236,15.033,9.462,4.654,8.288,2736.882,407037174.0,2598139722.0,2490397047.0
1972-11-30,36.7,15.04,9.521,4.621,8.387,2723.974,413320619.0,2641632158.0,2529822616.0
1972-12-31,37.108,15.046,9.613,4.589,8.411,2712.602,419701062.0,2685852650.0,2569872332.0
1973-01-31,37.435,15.051,9.724,4.557,8.463,2703.513,426180000.0,2730813385.0,2610556077.0
1973-02-28,37.652,15.054,9.835,4.527,8.472,2697.455,435090675.0,2790901917.0,2669968019.0
1973-03-31,37.734,15.054,9.926,4.501,8.617,2695.177,444187656.0,2852312629.0,2730732078.0
1973-04-30,37.728,15.032,9.985,4.477,8.645,2697.149,453474839.0,2915074617.0,2792879027.0
1973-05-31,37.709,14.968,10.007,4.455,8.615,2702.963,462956201.0,2979217613.0,2856440338.0
1973-06-30,37.68,14.871,9.996,4.435,8.705,2712.06,472635801.0,3044772005.0,2921448199.0
1973-07-31,37.644,14.748,9.966,4.414,8.866,2723.881,482517785.0,3111768849.0,2987935532.0
1973-08-31,37.602,14.607,9.934,4.394,8.797,2737.867,492606383.0,3180239884.0,3055936006.0
1973-09-30,37.558,14.458,9.92,4.374,8.829,2753.459,502905917.0,3250217549.0,3125484059.0
1973-10-31,37.514,14.307,9.938,4.352,8.936,2770.099,513420796.0,3321734994.0,3196614910.0
1973-11-30,37.471,14.164,9.993,4.329,9.068,2787.227,524155522.0,3394826103.0,3269364582.0
1973-12-31,37.434,14.036,10.078,4.303,8.972,2804.285,535114692.0,3469525500.0,3343769917.0
1974-01-31,37.403,13.932,10.177,4.275,9.082,2820.714,546303000.0,3545868575.0,3419868593.0
1974-02-28,37.382,13.86,10.269,4.243,9.125,2835.955,555524709.0,3605325052.0,3478465760.0
1974-03-31,37.372,13.827,10.332,4.208,9.049,2849.448,564902082.0,3665778485.0,3538066950.0
1974-04-30,37.433,13.834,10.349,4.159,9.152,2861.397,574437748.0,3727245589.0,3598689366.0
1974-05-31,37.664,13.864,10.315,4.084,9.096,2873.123,584134377.0,3789743363.0,3660350507.0
1974-06-30,38.042,13.914,10.236,3.988,9.153,2884.683,593994688.0,3853289088.0,3723068171.0
1974-07-31,38.537,13.98,10.131,3.876,9.16,2896.095,604021442.0,3917900336.0,3786860459.0
1974-08-31,39.121,14.06,10.021,3.753,9.148,2907.371,614217451.0,3983594973.0,3851745787.0
1974-09-30,39.766,14.148,9.93,3.627,9.072,2918.529,624585570.0,4050391167.0,3917742881.0
1974-10-31,40.443,14.244,9.873,3.502,9.213,2929.582,635128705.0,4118307386.0,3984870791.0
1974-11-30,41.123,14.342,9.858,3.385,9.125,2940.546,645849811.0,4187362413.0,4053148893.0
1974-12-31,41.778,14.441,9.882,3.28,9.107,2951.436,656751891.0,4257575341.0,4122596895.0
1975-01-31,42.379,14.535,9.93,3.194,9.088,2962.267,667838000.0,4328965588.0,4193234842.0
1975-02-28,42.898,14.624,9.985,3.133,9.199,2973.054,675971459.0,4343624981.0,4203369705.0
1975-03-31,43.306,14.702,10.029,3.103,9.227,2983.812,684203973.0,4358334017.0,4213529064.0
1975-04-30,43.602,14.771,10.052,3.101,9.126,2994.724,692536750.0,4373092863.0,4223712978.0
1975-05-31,43.868,14.846,10.053,3.108,9.264,3006.307,700971009.0,4387901687.0,4233921506.0
1975-06-30,44.115,14.925,10.035,3.119,9.281,3018.39,709507988.0,4402760659.0,4244154707.0
1975-07-31,44.345,15.006,10.007,3.134,9.446,3030.742,718148937.0,4417669949.0,4254412642.0
1975-08-31,44.56,15.088,9.987,3.153,9.456,3043.129,726895122.0,4432629727.0,4264695369.0
1975-09-30,44.762,15.167,9.991,3.173,9.661,3055.317,735747825.0,4447640164.0,4275002950.0
1975-10-31,44.953,15.241,10.031,3.195,9.709,3067.075,744708343.0,4462701432.0,4285335443.0
1975-11-30,45.136,15.309,10.11,3.218,9.919,3078.168,753777990.0,4477813702.0,4295692910.0
1975-12-31,45.312,15.368,10.221,3.24,9.855,3088.364,762958094.0,4492977148.0,4306075410.0
1976-01-31,45.483,15.416,10.344,3.26,9.973,3097.43,772250000.0,4508191942.0,4316483004.0
1976-02-29,45.652,15.45,10.456,3.278,9.985,3105.133,780406511.0,4555462601.0,4363093768.0
1976-03-31,45.82,15.468,10.532,3.293,10.181,3111.24,788649172.0,4603228917.0,4410207850.0
1976-04-30,45.989,15.464,10.555,3.305,10.175,3115.649,796978892.0,4651496087.0,4457830684.0
1976-05-31,46.156,15.404,10.527,3.314,10.043,3119.181,805396590.0,4700269362.0,4505967766.0
1976-06-30,46.321,15.293,10.457,3.323,10.111,3122.124,813903196.0,4749554050.0,4554624646.0
1976-07-31,46.482,15.142,10.361,3.33,10.124,3124.606,822499649.0,4799355512.0,4603806940.0
1976-08-31,46.639,14.961,10.26,3.336,10.05,3126.754,831186898.0,4849679167.0,4653520319.0
1976-09-30,46.792,14.762,10.177,3.343,10.021,3128.697,839965901.0,4900530492.0,4703770520.0
1976-10-31,46.941,14.556,10.127,3.349,9.939,3130.56,848837629.0,4951915018.0,4754563338.0
1976-11-30,47.084,14.354,10.117,3.356,9.886,3132.473,857803060.0,5003838337.0,4805904634.0
1976-12-31,47.222,14.168,10.14,3.363,10.023,3134.562,866863183.0,5056306098.0,4857800329.0
1977-01-31,47.353,14.008,10.184,3.371,10.005,3136.954,876019000.0,5109324009.0,4910256410.0
1977-02-28,47.478,13.886,10.228,3.38,9.937,3139.777,889320617.0,5175929455.0,4975476695.0
1977-03-31,47.597,13.813,10.252,3.391,9.87,3143.159,902824208.0,5243403174.0,5041563266.0
1977-04-30,47.708,13.798,10.243,3.404,9.87,3147.279,916532839.0,5311756484.0,5108527630.0
1977-05-31,47.822,13.829,10.189,3.42,9.946,3153.026,930449625.0,5381000852.0,5176381444.0
1977-06-30,47.939,13.892,10.095,3.439,9.983,3160.488,944577725.0,5451147893.0,5245136525.0
1977-07-31,48.058,13.981,9.979,3.462,9.985,3169.416,958920349.0,5522209375.0,5314804841.0
1977-08-31,48.176,14.089,9.861,3.489,9.97,3179.56,973480754.0,5594197219.0,5385398525.0
1977-09-30,48.289,14.209,9.763,3.518,9.95,3190.671,988262246.0,5667123501.0,5456929866.0
1977-10-31,48.395,14.335,9.701,3.551,9.847,3202.499,1003268182.0,5741000454.0,5529411320.0
1977-11-30,48.492,14.459,9.681,3.586,9.872,3214.796,1018501972.0,5815840471.0,5602855505.0
1977-12-31,48.576,14.576,9.699,3.625,10.029,3227.311,1033967074.0,5891656107.0,5677275210.0
1978-01-31,48.646,14.677,9.742,3.666,9.983,3239.795,1049667000.0,5968460080.0,5752683392.0
1978-02-28,48.698,14.756,9.792,3.71,9.876,3251.998,1062857470.0,6061714217.0,5842105830.0
1978-03-31,48.73,14.806,9.83,3.757,9.908,3263.672,1076213696.0,6156425403.0,5932918292.0
1978-04-30,48.739,14.821,9.846,3.806,10.035,3274.572,1089737761.0,6252616402.0,6025142387.0
1978-05-31,48.69,14.783,9.841,3.878,9.931,3284.97,1103431774.0,6350310337.0,6118800056.0
1978-06-30,48.574,14.691,9.822,3.978,10.009,3295.182,1117297870.0,6449530689.0,6213913585.0
1978-07-31,48.403,14.556,9.798,4.1,10.149,3305.274,1131338213.0,6550301308.0,6310505603.0
1978-08-31,48.19,14.39,9.786,4.237,10.252,3315.317,1145554991.0,6652646417.0,6408599094.0
1978-09-30,47.949,14.202,9.8,4.384,10.324,3325.379,1159950422.0,6756590616.0,6508217396.0
1978-10-31,47.694,14.004,9.853,4.532,10.318,3335.528,1174526751.0,6862158890.0,6609384213.0
1978-11-30,47.437,13.806,9.945,4.676,10.501,3345.832,1189286251.0,6969376614.0,6712123614.0
1978-12-31,47.192,13.62,10.069,4.81,10.477,3356.361,1204231224.0,7078269561.0,6816460046.0
1979-01-31,46.972,13.455,10.206,4.925,10.562,3367.183,1219364000.0,7188863904.0,6922418332.0
1979-02-28,46.792,13.323,10.332,5.016,10.704,3378.366,1236768817.0,7307154811.0,7038458163.0
1979-03-31,46.663,13.235,10.421,5.077,10.719,3389.979,1254422064.0,7427392165.0,7156443159.0
1979-04-30,46.599,13.201,10.454,5.1,10.775,3402.09,1272327289.0,7549607993.0,7276405926.0
1979-05-31,46.577,13.216,10.431,5.09,10.708,3415.134,1290488087.0,7673834852.0,7398379617.0
1979-06-30,46.556,13.259,10.367,5.059,10.612,3429.405,1308908107.0,7800105831.0,7522397941.0
1979-07-31,46.537,13.327,10.277,5.011,10.392,3444.638,1327591048.0,7928454567.0,7648495173.0
1979-08-31,46.52,13.415,10.182,4.951,10.295,3460.572,1346540663.0,8058915249.0,7776706160.0
1979-09-30,46.504,13.519,10.105,4.883,10.093,3476.943,1365760760.0,8191522627.0,7907066336.0
1979-10-31,46.491,13.634,10.059,4.81,9.89,3493.486,1385255198.0,8326312026.0,8039611726.0
1979-11-30,46.479,13.757,10.052,4.736,9.823,3509.939,1405027893.0,8463319350.0,8174378963.0
1979-12-31,46.469,13.883,10.077,4.666,9.5,3526.037,1425082818.0,8602581094.0,8311405289.0
1980-01-31,46.461,14.008,10.119,4.604,9.388,3541.518,1445424000.0,8744134354.0,8450728575.0
1980-02-29,46.455,14.126,10.159,4.552,9.15,3556.117,1470311642.0,8717381306.0,8423187748.0
1980-03-31,46.451,14.235,10.177,4.517,9.012,3569.571,1495627806.0,8690710110.0,8395736676.0
1980-04-30,46.45,14.33,10.158,4.501,8.825,3581.616,1521379869.0,8664120515.0,8368375067.0
1980-05-31,46.488,14.414,10.09,4.503,8.731,3592.723,1547575337.0,8637612272.0,8341102629.0
1980-06-30,46.641,14.505,9.96,4.513,8.618,3604.225,1574221844.0,8611185133.0,8313919072.0
1980-07-31,46.896,14.6,9.789,4.531,8.475,3615.924,1601327158.0,8584838848.0,8286824106.0
1980-08-31,47.236,14.696,9.605,4.555,8.477,3627.566,1628899176.0,8558573171.0,8259817442.0
1980-09-30,47.646,14.792,9.431,4.585,8.32,3638.898,1656945936.0,8532387855.0,8232898792.0
1980-10-31,48.109,14.884,9.288,4.62,8.199,3649.665,1685475612.0,8506282654.0,8206067870.0
1980-11-30,48.611,14.97,9.183,4.658,8.225,3659.613,1714496518.0,8480257323.0,8179324389.0
1980-12-31,49.135,15.048,9.117,4.7,8.074,3668.489,1744017113.0,8454311618.0,8152668065.0
1981-01-31,49.665,15.115,9.082,4.744,8.124,3676.039,1774046000.0,8428445294.0,8126098614.0
1981-02-28,50.186,15.168,9.063,4.79,8.052,3682.009,1801048313.0,8403470150.0,8101792587.0
1981-03-31,50.681,15.205,9.05,4.836,7.971,3686.144,1828461621.0,8378569012.0,8077559262.0
1981-04-30,51.135,15.224,9.036,4.882,7.809,3688.192,1856292180.0,8353741661.0,8053398421.0
1981-05-31,51.546,15.223,9.052,4.93,7.675,3687.631,1884546342.0,8328987878.0,8029309848.0
1981-06-30,51.962,15.21,9.2,4.988,7.728,3683.563,1913230553.0,8304307446.0,8005293326.0
1981-07-31,52.384,15.186,9.47,5.054,7.557,3676.525,1942351359.0,8279700146.0,7981348640.0
1981-08-31,52.812,15.152,9.845,5.128,7.54,3667.182,1971915405.0,8255165763.0,7957475576.0
1981-09-30,53.242,15.11,10.312,5.207,7.44,3656.199,2001929439.0,8230704080.0,7933673918.0
1981-10-31,53.671,15.062,10.858,5.29,7.327,3644.239,2032400309.0,8206314882.0,7909943454.0
1981-11-30,54.098,15.008,11.462,5.374,7.154,3631.968,2063334968.0,8181997954.0,7886283969.0
1981-12-31,54.519,14.949,12.095,5.459,7.084,3620.049,2094740476.0,8157753082.0,7862695253.0
1982-01-31,54.933,14.887,12.711,5.543,7.078,3609.148,2126624000.0,8133580052.0,7839177094.0
1982-02-28,55.336,14.823,13.253,5.623,6.944,3599.928,2153695217.0,8151446177.0,7859226725.0
1982-03-31,55.727,14.759,13.66,5.698,6.881,3593.053,2181111041.0,8169351546.0,7879327637.0
1982-04-30,56.103,14.695,13.876,5.766,6.911,3589.19,2208875860.0,8187296246.0,7899479958.0
1982-05-31,56.463,14.632,13.86,5.826,6.96,3588.848,2236994116.0,8205280363.0,7919683821.0
1982-06-30,56.818,14.563,13.627,5.884,6.927,3591.209,2265470308.0,8223303984.0,7939939359.0
1982-07-31,57.17,14.486,13.23,5.94,6.91,3595.777,2294308992.0,8241367196.0,7960246702.0
1982-08-31,57.517,14.403,12.729,5.994,6.844,3602.245,2323514783.0,8259470085.0,7980605984.0
1982-09-30,57.858,14.315,12.178,6.047,6.916,3610.302,2353092354.0,8277612738.0,8001017337.0
1982-10-31,58.191,14.221,11.623,6.098,6.968,3619.639,2383046438.0,8295795244.0,8021480894.0
1982-11-30,58.516,14.124,11.092,6.148,6.85,3629.948,2413381827.0,8314017689.0,8041996790.0
1982-12-31,58.831,14.024,10.601,6.196,6.903,3640.919,2444103376.0,8332280161.0,8062565157.0
1983-01-31,59.135,13.922,10.159,6.242,6.952,3652.243,2475216000.0,8350582748.0,8083186130.0
1983-02-28,59.426,13.818,9.773,6.287,6.933,3663.611,2498103169.0,8342536783.0,8076246595.0
1983-03-31,59.703,13.715,9.454,6.33,6.927,3674.714,2521201965.0,8334498571.0,8069313018.0
1983-04-30,59.964,13.611,9.223,6.371,6.928,3685.243,2544514345.0,8326468104.0,8062385394.0
1983-05-31,60.209,13.508,9.1,6.411,6.879,3694.96,2568042284.0,8318445374.0,8055463717.0
1983-06-30,60.432,13.391,8.998,6.447,6.841,3704.918,2591787774.0,8310430375.0,8048547982.0
1983-07-31,60.637,13.258,8.888,6.479,6.85,3715.45,2615752828.0,8302423098.0,8041638185.0
1983-08-31,60.826,13.114,8.786,6.508,6.763,3726.416,2639939476.0,8294423536.0,8034734319.0
1983-09-30,61.005,12.964,8.709,6.535,6.665,3737.673,2664349766.0,8286431682.0,8027836381.0
1983-10-31,61.177,12.813,8.666,6.562,6.553,3749.081,2688985767.0,8278447528.0,8020944365.0
1983-11-30,61.347,12.667,8.661,6.589,6.378,3760.498,2713849565.0,8270471067.0,8014058266.0
1983-12-31,61.518,12.53,8.687,6.616,6.255,3771.782,2738943268.0,8262502292.0,8007178078.0
1984-01-31,61.695,12.407,8.73,6.646,6.178,3782.792,2764269000.0,8254541195.0,8000303798.0
1984-02-29,61.882,12.304,8.77,6.679,6.061,3793.386,2795433201.0,8267404116.0,8005138774.0
1984-03-31,62.082,12.225,8.787,6.716,5.989,3803.423,2826948745.0,8280287081.0,8009976673.0
1984-04-30,62.301,12.176,8.768,6.758,5.95,3812.76,2858819593.0,8293190121.0,8014817495.0
1984-05-31,62.543,12.162,8.707,6.806,5.946,3821.267,2891049751.0,8306113268.0,8019661243.0
1984-06-30,62.813,12.198,8.607,6.868,5.881,3829.717,2923643270.0,8319056553.0,8024507918.0
1984-07-31,63.111,12.288,8.482,6.95,5.885,3838.531,2956604247.0,8332020008.0,8029357522.0
1984-08-31,63.433,12.424,8.35,7.046,5.852,3847.504,2989936823.0,8345003663.0,8034210057.0
1984-09-30,63.776,12.596,8.23,7.155,5.909,3856.425,3023645189.0,8358007550.0,8039065525.0
1984-10-31,64.136,12.796,8.134,7.273,5.845,3865.089,3057733581.0,8371031701.0,8043923927.0
1984-11-30,64.508,13.015,8.066,7.396,5.896,3873.287,3092206284.0,8384076147.0,8048785265.0
1984-12-31,64.888,13.245,8.022,7.523,5.905,3880.812,3127067630.0,8397140921.0,8053649541.0
1985-01-31,65.273,13.477,7.99,7.65,5.875,3887.456,3162322000.0,8410226053.0,8058516757.0
1985-02-28,65.659,13.703,7.955,7.774,5.911,3893.011,3174979439.0,8459254802.0,8102005986.0
1985-03-31,66.041,13.914,7.9,7.891,5.845,3897.27,3187687540.0,8508569373.0,8145729911.0
1985-04-30,66.417,14.101,7.818,7.999,5.845,3900.026,3200446507.0,8558171431.0,8189689801.0
1985-05-31,66.781,14.256,7.705,8.095,5.938,3901.069,3213256542.0,8608062652.0,8233886928.0
1985-06-30,67.161,14.393,7.556,8.179,5.884,3898.324,3226117850.0,8658244721.0,8278322572.0
1985-07-31,67.589,14.537,7.373,8.258,5.856,3890.021,3239030637.0,8708719335.0,8322998022.0
1985-08-31,68.048,14.684,7.178,8.333,5.903,3877.234,3251995108.0,8759488199.0,8367914571.0
1985-09-30,68.524,14.831,6.99,8.404,5.932,3861.044,3265011471.0,8810553028.0,8413073520.0
1985-10-31,69.003,14.974,6.824,8.473,5.866,3842.533,3278079932.0,8861915548.0,8458476177.0
1985-11-30,69.47,15.111,6.688,8.54,5.915,3822.782,3291200701.0,8913577493.0,8504123857.0
1985-12-31,69.909,15.236,6.581,8.608,5.851,3802.873,3304373987.0,8965540610.0,8550017884.0
1986-01-31,70.307,15.348,6.498,8.676,5.847,3783.887,3317600000.0,9017806654.0,8596159586.0
1986-02-28,70.648,15.442,6.431,8.746,5.904,3766.907,3356276130.0,9072519263.0,8645760739.0
1986-03-31,70.917,15.516,6.374,8.82,5.905,3753.013,3395403140.0,9127563823.0,8695648098.0
1986-04-30,71.1,15.566,6.323,8.897,5.916,3743.288,3434986288.0,9182942347.0,8745823315.0
1986-05-31,71.183,15.588,6.282,8.98,5.927,3738.812,3475030892.0,9238656863.0,8796288051.0
1986-06-30,71.128,15.569,6.27,9.074,5.946,3740.284,3515542329.0,9294709409.0,8847043976.0
1986-07-31,70.899,15.489,6.315,9.187,5.85,3746.842,3556526044.0,9351102035.0,8898092770.0
1986-08-31,70.525,15.357,6.415,9.316,5.761,3757.516,3597987541.0,9407836805.0,8949436124.0
1986-09-30,70.04,15.182,6.57,9.454,5.728,3771.352,3639932390.0,9464915795.0,9001075736.0
1986-10-31,69.479,14.972,6.778,9.597,5.568,3787.396,3682366227.0,9522341093.0,9053013317.0
1986-11-30,68.873,14.739,7.03,9.739,5.478,3804.695,3725294752.0,9580114800.0,9105250586.0
1986-12-31,68.257,14.49,7.313,9.876,5.329,3822.295,3768723731.0,9638239030.0,9157789272.0
1987-01-31,67.663,14.235,7.605,10.002,5.218,3839.242,3812659000.0,9696715911.0,9210631114.0
1987-02-28,67.126,13.985,7.878,10.112,5.219,3854.582,3864306945.0,9729397390.0,9242342991.0
1987-03-31,66.679,13.747,8.101,10.201,5.125,3867.362,3916654536.0,9762189018.0,9274164051.0
1987-04-30,66.354,13.532,8.249,10.265,5.053,3876.627,3969711250.0,9795091166.0,9306094669.0
1987-05-31,66.186,13.348,8.3,10.297,4.994,3881.424,4023486693.0,9828104206.0,9338135224.0
1987-06-30,66.17,13.195,8.254,10.298,4.967,3881.34,4077990602.0,9861228512.0,9370286093.0
1987-07-31,66.17,13.038,8.153,10.286,4.966,3878.258,4133232845.0,9894464459.0,9402547656.0
1987-08-31,66.17,12.876,8.022,10.265,4.975,3872.861,4189223424.0,9927812423.0,9434920295.0
1987-09-30,66.17,12.713,7.885,10.237,5.005,3865.63,4245972475.0,9961272782.0,9467404392.0
1987-10-31,66.17,12.552,7.761,10.204,5.021,3857.048,4303490274.0,9994845915.0,9500000330.0
1987-11-30,66.17,12.398,7.659,10.168,5.016,3847.595,4361787234.0,10028532201.0,9532708495.0
1987-12-31,66.17,12.254,7.579,10.131,4.978,3837.752,4420873910.0,10062332023.0,9565529273.0
1988-01-31,66.17,12.124,7.517,10.095,5.045,3828.002,4480761000.0,10096245762.0,9598463052.0
1988-02-29,66.17,12.012,7.463,10.062,5.024,3818.825,4534794104.0,10096712809.0,9600539036.0
1988-03-31,66.17,11.922,7.41,10.034,5.005,3810.703,4589478789.0,10097179877.0,9602615469.0
1988-04-30,66.17,11.858,7.354,10.014,5.011,3804.117,4644822912.0,10097646966.0,9604692352.0
1988-05-31,66.17,11.822,7.3,10.002,4.992,3799.548,4700834424.0,10098114077.0,9606769683.0
1988-06-30,66.17,11.818,7.256,10.001,4.975,3797.222,4757521375.0,10098581210.0,9608847464.0
1988-07-31,66.17,11.835,7.219,10.008,4.986,3795.405,4814891908.0,10099048365.0,9610925694.0
1988-08-31,66.17,11.868,7.197,10.022,5.026,3793.686,4872954268.0,10099515540.0,9613004374.0
1988-09-30,66.17,11.912,7.202,10.041,4.951,3792.079,4931716796.0,10099982738.0,9615083503.0
1988-10-31,66.17,11.965,7.24,10.065,4.962,3790.594,4991187937.0,10100449957.0,9617163082.0
1988-11-30,66.17,12.024,7.314,10.093,4.955,3789.246,5051376235.0,10100917198.0,9619243110.0
1988-12-31,66.17,12.085,7.415,10.123,4.954,3788.045,5112290339.0,10101384461.0,9621323589.0
1989-01-31,66.17,12.145,7.532,10.155,5.036,3787.005,5173939000.0,10101851745.0,9623404518.0
1989-02-28,66.17,12.2,7.644,10.188,5.02,3786.138,5205813890.0,10268300537.0,9793997428.0
1989-03-31,66.17,12.247,7.735,10.221,4.997,3785.455,5237885150.0,10437491916.0,9967614419.0
1989-04-30,66.17,12.284,7.787,10.252,4.96,3784.97,5270153990.0,10609471072.0,10144309096.0
1989-05-31,66.17,12.306,7.795,10.281,4.999,3784.694,5302621628.0,10784283937.0,10324136018.0
1989-06-30,66.17,12.311,7.756,10.306,4.998,3784.955,5335289288.0,10961977204.0,10507150710.0
1989-07-31,66.17,12.31,7.664,10.33,4.976,3791.764,5368158202.0,11142598334.0,10693409681.0
1989-08-31,66.17,12.308,7.534,10.352,5.021,3806.277,5401229611.0,11326195568.0,10882970442.0
1989-09-30,66.17,12.305,7.39,10.373,5.043,3826.997,5434504761.0,11512817944.0,11075891523.0
1989-10-31,66.17,12.301,7.251,10.393,5.096,3852.429,5467984908.0,11702515308.0,11272232493.0
1989-11-30,66.17,12.297,7.127,10.414,5.134,3881.074,5501671315.0,11895338327.0,11472053975.0
1989-12-31,66.17,12.292,7.021,10.435,5.11,3911.436,5535565253.0,12091338501.0,11675417668.0
1990-01-31,66.17,12.288,6.928,10.457,5.18,3942.018,5569668000.0,12290568182.0,11882386364.0
1990-02-28,66.17,12.284,6.843,10.481,5.24,3971.324,5595909535.0,12354082677.0,11934101718.0
1990-03-31,66.17,12.28,6.759,10.508,5.257,3997.856,5622274708.0,12417925398.0,11986042151.0
1990-04-30,66.17,12.277,6.678,10.536,5.318,4020.118,5648764100.0,12482098042.0,12038208643.0
1990-05-31,66.17,12.275,6.604,10.568,5.312,4036.613,5675378297.0,12546602314.0,12090602178.0
1990-06-30,66.17,12.275,6.549,10.604,5.264,4045.876,5702117887.0,12611439927.0,12143223744.0
1990-07-31,66.17,12.321,6.527,10.654,5.254,4051.113,5728983461.0,12676612604.0,12196074333.0
1990-08-31,66.17,12.434,6.545,10.724,5.315,4055.369,5755975612.0,12742122077.0,12249154941.0
1990-09-30,66.17,12.602,6.606,10.808,5.25,4058.836,5783094937.0,12807970086.0,12302466572.0
1990-10-31,66.17,12.81,6.714,10.904,5.309,4061.709,5810342035.0,12874158381.0,12356010228.0
1990-11-30,66.17,13.044,6.864,11.005,5.347,4064.181,5837717507.0,12940688719.0,12409786921.0
1990-12-31,66.17,13.293,7.048,11.107,5.308,4066.447,5865221960.0,13007562870.0,12463797665.0
1991-01-31,66.17,13.541,7.248,11.206,5.288,4068.699,5892856000.0,13074782609.0,12518043478.0
1991-02-28,66.17,13.775,7.442,11.298,5.315,4071.133,5932270961.0,13261263095.0,12691768497.0
1991-03-31,66.17,13.983,7.606,11.378,5.296,4073.941,5971949552.0,13450403279.0,12867904466.0
1991-04-30,66.17,14.149,7.721,11.441,5.305,4077.317,6011893538.0,13642241095.0,13046484845.0
1991-05-31,66.17,14.262,7.773,11.483,5.347,4081.456,6052104693.0,13836815018.0,13227543556.0
1991-06-30,66.17,14.307,7.758,11.5,5.288,4086.55,6092584804.0,14034164073.0,13411114995.0
1991-07-31,66.17,14.297,7.673,11.487,5.348,4094.994,6133335671.0,14234327839.0,13597234033.0
1991-08-31,66.17,14.268,7.533,11.446,5.34,4109.076,6174359104.0,14437346463.0,13785936024.0
1991-09-30,66.17,14.223,7.361,11.384,5.261,4127.627,6215656927.0,14643260662.0,13977256817.0
1991-10-31,66.17,14.165,7.178,11.304,5.243,4149.46,6257230974.0,14852111734.0,14171232753.0
1991-11-30,66.17,14.099,6.993,11.213,5.24,4173.387,6299083093.0,15063941567.0,14367900681.0
1991-12-31,66.17,14.028,6.809,11.116,5.223,4198.223,6341215144.0,15278792645.0,14567297960.0
1992-01-31,66.17,13.957,6.623,11.018,5.222,4222.78,6383629000.0,15496708060.0,14769462469.0
1992-02-29,66.17,13.889,6.428,10.924,5.274,4245.871,6415385072.0,15420657523.0,14675862042.0
1992-03-31,66.17,13.829,6.222,10.84,5.199,4266.31,6447299119.0,15344980206.0,14582854800.0
1992-04-30,66.17,13.779,6.005,10.772,5.212,4282.909,6479371925.0,15269674277.0,14490436986.0
1992-05-31,66.17,13.744,5.786,10.723,5.254,4294.482,6511604282.0,15194737914.0,14398604862.0
1992-06-30,66.17,13.727,5.579,10.701,5.154,4299.842,6543996981.0,15120169304.0,14307354719.0
1992-07-31,66.179,13.747,5.386,10.708,5.212,4299.578,6576550822.0,15045966641.0,14216682867.0
1992-08-31,66.218,13.829,5.188,10.739,5.102,4297.552,6609266605.0,14972128130.0,14126585641.0
1992-09-30,66.281,13.963,4.997,10.791,5.006,4294.235,6642145137.0,14898651984.0,14037059400.0
1992-10-31,66.364,14.137,4.823,10.859,4.966,4289.925,6675187227.0,14825536423.0,13948100525.0
1992-11-30,66.463,14.34,4.672,10.937,4.848,4284.922,6708393688.0,14752779680.0,13859705421.0
1992-12-31,66.571,14.559,4.542,11.021,4.752,4279.521,6741765339.0,14680379992.0,13771870515.0
1993-01-31,66.685,14.781,4.431,11.108,4.619,4274.022,6775303000.0,14608335608.0,13684592256.0
1993-02-28,66.799,14.996,4.332,11.19,4.511,4268.723,6819254389.0,14691109882.0,13769963320.0
1993-03-31,66.909,15.19,4.241,11.266,4.363,4263.921,6863490891.0,14774353174.0,13855866969.0
1993-04-30,67.009,15.352,4.159,11.328,4.269,4259.914,6908014355.0,14858068142.0,13942306527.0
1993-05-31,67.094,15.47,4.087,11.374,4.256,4257.001,6952826642.0,14942257460.0,14029285336.0
1993-06-30,67.16,15.532,4.033,11.398,4.229,4255.478,6997929627.0,15026923813.0,14116806761.0
1993-07-31,67.205,15.532,4.007,11.397,4.246,4255.698,7043325195.0,15112069906.0,14204874186.0
1993-08-31,67.242,15.496,4.02,11.381,4.225,4257.94,7089015244.0,15197698457.0,14293491019.0
1993-09-30,67.275,15.432,4.073,11.354,4.27,4261.958,7135001684.0,15283812200.0,14382660686.0
1993-10-31,67.303,15.347,4.167,11.316,4.37,4267.464,7181286438.0,15370413883.0,14472386636.0
1993-11-30,67.329,15.246,4.3,11.272,4.409,4274.166,7227871442.0,15457506272.0,14562672340.0
1993-12-31,67.353,15.137,4.464,11.225,4.546,4281.777,7274758642.0,15545092147.0,14653521289.0
1994-01-31,67.376,15.024,4.649,11.175,4.626,4290.006,7321950000.0,15633174304.0,14744936998.0
1994-02-28,67.4,14.914,4.841,11.128,4.67,4298.564,7360879438.0,15820175951.0,14933485414.0
1994-03-31,67.425,14.814,5.022,11.084,4.777,4307.162,7400015857.0,16009414483.0,15124444860.0
1994-04-30,67.453,14.729,5.18,11.046,4.843,4315.51,7439360357.0,16200916658.0,15317846169.0
1994-05-31,67.484,14.665,5.303,11.019,4.829,4323.318,7478914044.0,16394709552.0,15513720565.0
1994-06-30,67.52,14.629,5.386,11.003,4.935,4330.297,7518678030.0,16590820568.0,15712099672.0
1994-07-31,67.563,14.626,5.435,11.003,4.895,4336.217,7558653435.0,16789277433.0,15913015519.0
1994-08-31,67.624,14.66,5.481,11.035,4.868,4341.439,7598841381.0,16990108210.0,16116500543.0
1994-09-30,67.701,14.727,5.539,11.098,4.709,4346.198,7639242999.0,17193341293.0,16322587598.0
1994-10-31,67.789,14.817,5.616,11.186,4.61,4350.634,7679859424.0,17399005420.0,16531309957.0
1994-11-30,67.886,14.926,5.714,11.294,4.381,4354.888,7720691800.0,17607129669.0,16742701318.0
1994-12-31,67.986,15.046,5.83,11.419,4.149,4359.101,7761741274.0,17817743469.0,16956795810.0
1995-01-31,68.085,15.171,5.953,11.554,4.013,4363.415,7803009000.0,18030876599.0,17173628000.0
1995-02-28,68.179,15.293,6.069,11.696,3.745,4367.969,7884915654.0,18155702745.0,17284275002.0
1995-03-31,68.265,15.407,6.165,11.838,3.573,4372.905,7967682065.0,18281393051.0,17395634884.0
1995-04-30,68.337,15.505,6.228,11.977,3.453,4378.364,8051317260.0,18407953500.0,17507712241.0
1995-05-31,68.391,15.58,6.253,12.107,3.325,4384.487,8135830356.0,18535390116.0,17620511694.0
1995-06-30,68.424,15.626,6.241,12.224,3.223,4391.414,8221230570.0,18663708964.0,17734037897.0
1995-07-31,68.428,15.637,6.197,12.323,3.209,4399.358,8307527213.0,18792916151.0,17848295532.0
1995-08-31,68.324,15.637,6.083,12.423,3.213,4409.909,8394729695.0,18923017829.0,17963289310.0
1995-09-30,68.097,15.636,5.904,12.528,3.238,4423.359,8482847525.0,19054020189.0,18079023976.0
1995-10-31,67.765,15.634,5.685,12.638,3.29,4439.283,8571890310.0,19185929466.0,18195504302.0
1995-11-30,67.348,15.633,5.443,12.747,3.377,4457.258,8661867760.0,19318751940.0,18312735092.0
1995-12-31,66.865,15.631,5.188,12.855,3.456,4476.861,8752789685.0,19452493931.0,18430721182.0
1996-01-31,66.334,15.629,4.925,12.957,3.541,4497.668,8844666000.0,19587161807.0,18549467438.0
1996-02-29,65.774,15.627,4.659,13.052,3.627,4519.256,8957980122.0,19681224555.0,18654385314.0
1996-03-31,65.204,15.626,4.397,13.135,3.663,4541.2,9072745977.0,19775739017.0,18759896618.0
1996-04-30,64.644,15.624,4.151,13.204,3.78,4563.077,9188982163.0,19870707362.0,18866004706.0
1996-05-31,64.112,15.623,3.94,13.257,3.829,4584.463,9306707518.0,19966131771.0,18972712953.0
1996-06-30,63.626,15.622,3.782,13.29,3.942,4604.935,9425941121.0,20062014433.0,19080024753.0
1996-07-31,63.207,15.622,3.699,13.3,4.0,4624.076,9546702294.0,20158357549.0,19187943521.0
1996-08-31,62.796,15.67,3.657,13.296,4.1,4642.677,9669010609.0,20255163330.0,19296472690.0
1996-09-30,62.353,15.79,3.626,13.284,4.122,4661.476,9792885886.0,20352433999.0,19405615713.0
1996-10-31,61.889,15.97,3.61,13.266,4.17,4680.402,9918348200.0,20450171787.0,19515376060.0
1996-11-30,61.418,16.198,3.61,13.243,4.24,4699.386,10045417885.0,20548378937.0,19625757224.0
1996-12-31,60.953,16.461,3.625,13.213,4.361,4718.359,10174115532.0,20647057705.0,19736762717.0
1997-01-31,60.506,16.745,3.647,13.179,4.414,4737.25,10304462000.0,20746210354.0,19848396069.0
1997-02-28,60.092,17.038,3.669,13.141,4.431,4755.989,10350063611.0,20832276135.0,19938059958.0
1997-03-31,59.721,17.328,3.684,13.099,4.488,4774.508,10395867028.0,20918698961.0,20028128898.0
1997-04-30,59.409,17.6,3.685,13.054,4.598,4792.735,10441873144.0,21005480312.0,20118604718.0
1997-05-31,59.167,17.844,3.67,13.006,4.587,4810.603,10488082857.0,21092621676.0,20209489258.0
1997-06-30,59.008,18.045,3.64,12.956,4.696,4828.04,10534497068.0,21180124547.0,20300784362.0
1997-07-31,58.945,18.191,3.601,12.905,4.717,4844.977,10581116681.0,21267990424.0,20392491887.0
1997-08-31,58.96,18.3,3.556,12.836,4.683,4861.266,10627942606.0,21356220813.0,20484613695.0
1997-09-30,59.008,18.407,3.51,12.731,4.708,4876.857,10674975755.0,21444817227.0,20577151657.0
1997-10-31,59.084,18.511,3.468,12.597,4.818,4891.895,10722217046.0,21533781183.0,20670107653.0
1997-11-30,59.18,18.611,3.435,12.442,4.783,4906.525,10769667400.0,21623114207.0,20763483573.0
1997-12-31,59.29,18.706,3.408,12.274,4.804,4920.892,10817327741.0,21712817829.0,20857281312.0
1998-01-31,59.407,18.793,3.385,12.102,4.866,4935.141,10865199000.0,21802893587.0,20951502777.0
1998-02-28,59.526,18.872,3.359,11.932,4.897,4949.417,11022860591.0,21895714748.0,21041836163.0
1998-03-31,59.639,18.94,3.326,11.773,4.916,4963.866,11182809961.0,21988931075.0,21132559026.0
1998-04-30,59.74,18.998,3.282,11.632,4.906,4978.634,11345080307.0,22082544251.0,21223673044.0
1998-05-31,59.824,19.042,3.228,11.518,4.878,4993.864,11509705309.0,22176555965.0,21315179905.0
1998-06-30,59.882,19.071,3.168,11.439,4.856,5009.703,11676719135.0,22270967914.0,21407081302.0
1998-07-31,59.91,19.085,3.108,11.402,4.927,5026.296,11846156447.0,22365781801.0,21499378936.0
1998-08-31,59.907,19.086,3.054,11.402,4.899,5043.926,12018052412.0,22460999338.0,21592074516.0
1998-09-30,59.887,19.086,3.004,11.411,4.859,5062.881,12192442707.0,22556622244.0,21685169757.0
1998-10-31,59.854,19.087,2.965,11.426,4.862,5082.918,12369363526.0,22652652243.0,21778666382.0
1998-11-30,59.812,19.087,2.938,11.445,4.728,5103.767,12548851590.0,22749091070.0,21872566123.0
1998-12-31,59.762,19.087,2.922,11.467,4.697,5125.162,12730944150.0,22845940465.0,21966870717.0
1999-01-31,59.709,19.087,2.913,11.491,4.58,5146.836,12915679000.0,22943202175.0,22061581909.0
1999-02-28,59.655,19.087,2.906,11.516,4.549,5168.521,13058800432.0,22816979207.0,21929756231.0
1999-03-31,59.602,19.088,2.896,11.54,4.441,5189.949,13203507823.0,22691450660.0,21798718257.0
1999-04-30,59.555,19.088,2.879,11.561,4.383,5210.854,13349818748.0,22566612713.0,21668463281.0
1999-05-31,59.515,19.088,2.856,11.579,4.329,5230.969,13497750976.0,22442461567.0,21538986624.0
1999-06-30,59.486,19.088,2.828,11.592,4.336,5250.025,13647322474.0,22318993444.0,21410283636.0
1999-07-31,59.471,19.089,2.801,11.599,4.323,5267.755,13798551405.0,22196204586.0,21282349693.0
1999-08-31,59.471,19.095,2.779,11.599,4.307,5284.071,13951456137.0,22074091255.0,21155180200.0
1999-09-30,59.481,19.133,2.764,11.593,4.34,5299.659,14106055239.0,21952649737.0,21028770589.0
1999-10-31,59.501,19.201,2.758,11.581,4.289,5314.671,14262367487.0,21831876333.0,20903116320.0
1999-11-30,59.53,19.294,2.764,11.565,4.282,5329.167,14420411865.0,21711767370.0,20778212880.0
1999-12-31,59.566,19.406,2.779,11.544,4.332,5343.209,14580207567.0,21592319191.0,20654055781.0
2000-01-31,59.608,19.534,2.8,11.52,4.276,5356.857,14741774000.0,21473528161.0,20530640564.0
2000-02-29,59.656,19.672,2.821,11.492,4.34,5370.171,14950384978.0,21522273629.0,20579547110.0
2000-03-31,59.709,19.815,2.836,11.462,4.258,5383.212,15161948012.0,21571129750.0,20628570158.0
2000-04-30,59.766,19.959,2.842,11.429,4.34,5396.04,15376504877.0,21620096776.0,20677709984.0
2000-05-31,59.825,20.098,2.836,11.395,4.261,5408.717,15594097938.0,21669174958.0,20726966868.0
2000-06-30,59.887,20.227,2.821,11.359,4.334,5421.302,15814770160.0,21718364550.0,20776341088.0
2000-07-31,59.951,20.341,2.8,11.322,4.302,5433.856,16038565117.0,21767665802.0,20825832923.0
2000-08-31,60.016,20.438,2.776,11.284,4.344,5446.529,16265526998.0,21817078970.0,20875442654.0
2000-09-30,60.102,20.528,2.731,11.232,4.282,5460.071,16495700619.0,21866604307.0,20925170562.0
2000-10-31,60.209,20.615,2.668,11.166,4.357,5474.365,16729131428.0,21916242068.0,20975016928.0
2000-11-30,60.333,20.7,2.594,11.089,4.443,5489.07,16965865520.0,21965992508.0,21024982034.0
2000-12-31,60.469,20.783,2.513,11.003,4.466,5503.846,17205949638.0,22015855883.0,21075066163.0
2001-01-31,60.614,20.863,2.426,10.913,4.55,5518.351,17449431188.0,22065832449.0,21125269599.0
2001-02-28,60.764,20.943,2.332,10.821,4.64,5532.246,17493995447.0,22153538161.0,21209883329.0
2001-03-31,60.914,21.022,2.235,10.73,4.709,5545.189,17538673519.0,22241592480.0,21294835966.0
2001-04-30,61.061,21.1,2.137,10.642,4.824,5556.841,17583465695.0,22329996791.0,21380128867.0
2001-05-31,61.2,21.177,2.045,10.562,4.921,5566.859,17628372266.0,22418752485.0,21465763394.0
2001-06-30,61.327,21.255,1.966,10.491,5.057,5574.903,17673393525.0,22507860960.0,21551740916.0
2001-07-31,61.439,21.334,1.91,10.434,5.074,5580.633,17718529763.0,22597323616.0,21638062806.0
2001-08-31,61.531,21.413,1.887,10.392,5.202,5583.772,17763781276.0,22687141862.0,21724730444.0
2001-09-30,61.619,21.496,1.898,10.358,5.398,5585.733,17809148357.0,22777317111.0,21811745215.0
2001-10-31,61.709,21.58,1.941,10.329,5.546,5587.279,17854631301.0,22867850782.0,21899108509.0
2001-11-30,61.798,21.667,2.013,10.304,5.673,5588.497,17900230404.0,22958744301.0,21986821722.0
2001-12-31,61.886,21.754,2.107,10.281,5.882,5589.474,17945945963.0,23049999096.0,22074886256.0
2002-01-31,61.97,21.841,2.216,10.261,6.04,5590.297,17991778276.0,23141616605.0,22163303518.0
2002-02-28,62.049,21.926,2.332,10.241,6.23,5591.052,18061341997.0,23473502361.0,22487784210.0
2002-03-31,62.12,22.008,2.443,10.221,6.464,5591.828,18131174681.0,23810147860.0,22817015445.0
2002-04-30,62.182,22.087,2.54,10.201,6.639,5592.71,18201277366.0,24151621365.0,23151066773.0
2002-05-31,62.233,22.161,2.616,10.18,6.845,5593.786,18271651098.0,24497992116.0,23490008762.0
2002-06-30,62.272,22.229,2.665,10.156,6.927,5595.142,18342296924.0,24849330347.0,23833913014.0
2002-07-31,62.296,22.291,2.686,10.129,7.18,5596.866,18413215897.0,25205707299.0,24182852177.0
2002-08-31,62.303,22.344,2.68,10.098,7.275,5599.053,18484409071.0,25567195235.0,24536899967.0
2002-09-30,62.281,22.393,2.665,10.058,7.309,5604.027,18555877509.0,25933867455.0,24896131175.0
2002-10-31,62.224,22.439,2.66,10.007,7.359,5613.204,18627622273.0,26305798308.0,25260621688.0
2002-11-30,62.137,22.483,2.665,9.949,7.397,5626.05,18699644432.0,26683063212.0,25630448506.0
2002-12-31,62.023,22.525,2.68,9.885,7.54,5642.032,18771945059.0,27065738664.0,26005689755.0
2003-01-31,61.889,22.565,2.7,9.818,7.584,5660.615,18844525230.0,27453902261.0,26386424703.0
2003-02-28,61.738,22.603,2.72,9.752,7.563,5681.267,18968044639.0,27746908047.0,26663511172.0
2003-03-31,61.576,22.638,2.735,9.687,7.729,5703.453,19092373675.0,28043040979.0,26943507353.0
2003-04-30,61.407,22.671,2.74,9.629,7.76,5726.639,19217517646.0,28342334433.0,27226443803.0
2003-05-31,61.237,22.703,2.735,9.578,7.817,5750.292,19343481892.0,28644822140.0,27512351396.0
2003-06-30,61.069,22.732,2.72,9.538,7.81,5773.877,19470271791.0,28950538192.0,27801261333.0
2003-07-31,60.91,22.759,2.7,9.511,7.811,5796.862,19597892754.0,29259517042.0,28093205142.0
2003-08-31,60.763,22.785,2.68,9.5,7.787,5818.713,19726350229.0,29571793515.0,28388214682.0
2003-09-30,60.62,22.807,2.68,9.5,7.841,5840.84,19855649699.0,29887402804.0,28686322146.0
2003-10-31,60.466,22.826,2.724,9.5,7.746,5865.556,19985796682.0,30206380479.0,28987560067.0
2003-11-30,60.303,22.841,2.806,9.5,7.489,5892.25,20116796734.0,30528762491.0,29291961317.0
2003-12-31,60.135,22.855,2.919,9.5,7.32,5920.281,20248655447.0,30854585171.0,29599559115.0
2004-01-31,59.964,22.868,3.055,9.5,7.179,5949.007,20381378449.0,31183885241.0,29910387028.0
2004-02-29,59.794,22.88,3.2,9.5,7.034,5977.787,20562016354.0,31273157904.0,29968026737.0
2004-03-31,59.628,22.893,3.342,9.5,6.848,6005.98,20744255233.0,31362686135.0,30025777523.0
2004-04-30,59.47,22.907,3.468,9.5,6.536,6032.946,20928109274.0,31452470666.0,30083639599.0
2004-05-31,59.322,22.924,3.567,9.5,6.415,6058.043,21113592794.0,31542512230.0,30141613180.0
2004-06-30,59.188,22.944,3.635,9.5,6.241,6080.63,21300720234.0,31632811564.0,30199698480.0
2004-07-31,59.071,22.968,3.669,9.5,6.21,6100.066,21489506164.0,31723369405.0,30257895716.0
2004-08-31,58.974,22.997,3.671,9.5,6.144,6115.71,21679965282.0,31814186493.0,30316205103.0
2004-09-30,58.896,23.06,3.635,9.501,6.142,6127.66,21872112419.0,31905263571.0,30374626856.0
2004-10-31,58.828,23.222,3.553,9.505,6.101,6137.735,22065962535.0,31996601382.0,30433161193.0
2004-11-30,58.767,23.468,3.437,9.513,6.102,6146.364,22261530722.0,32088200674.0,30491808330.0
2004-12-31,58.712,23.778,3.295,9.522,6.095,6153.879,22458832209.0,32180062195.0,30550568485.0
2005-01-31,58.662,24.132,3.131,9.533,6.082,6160.611,22657882357.0,32272186695.0,30609441875.0
2005-02-28,58.615,24.51,2.948,9.546,6.197,6166.892,22868914934.0,32442526788.0,30785901338.0
2005-03-31,58.57,24.893,2.752,9.558,6.209,6173.054,23081913041.0,32613765976.0,30963378067.0
2005-04-30,58.525,25.26,2.553,9.57,6.252,6179.43,23296894985.0,32785909005.0,31141877926.0
2005-05-31,58.479,25.592,2.362,9.58,6.274,6186.351,23513879242.0,32958960644.0,31321406813.0
2005-06-30,58.43,25.869,2.195,9.59,6.243,6194.15,23732884463.0,33132925690.0,31501970662.0
2005-07-31,58.378,26.071,2.066,9.596,6.295,6203.158,23953929470.0,33307808963.0,31683575437.0
2005-08-31,58.32,26.178,1.992,9.6,6.344,6213.707,24177033261.0,33483615312.0,31866227141.0
2005-09-30,58.253,26.186,1.987,9.599,6.364,6226.379,24402215013.0,33660349607.0,32049931808.0
2005-10-31,58.173,26.163,2.063,9.592,6.345,6242.412,24629494078.0,33838016746.0,32234695509.0
2005-11-30,58.08,26.123,2.21,9.579,6.451,6261.56,24858889990.0,34016621654.0,32420524348.0
2005-12-31,57.979,26.069,2.414,9.561,6.506,6283.39,25090422467.0,34196169280.0,32607424466.0
2006-01-31,57.874,26.006,2.662,9.538,6.725,6307.467,25324111407.0,34376664601.0,32795402040.0
2006-02-28,57.768,25.936,2.935,9.512,6.794,6333.358,25590408678.0,34733763338.0,33118322681.0
2006-03-31,57.666,25.864,3.212,9.483,6.859,6360.63,25859506214.0,35094571553.0,33444422968.0
2006-04-30,57.57,25.794,3.474,9.452,7.031,6388.847,26131433462.0,35459127781.0,33773734208.0
2006-05-31,57.486,25.73,3.702,9.419,7.125,6417.578,26406220179.0,35827470955.0,34106288018.0
2006-06-30,57.416,25.675,3.88,9.385,7.173,6446.387,26683896432.0,36199640413.0,34442116327.0
2006-07-31,57.364,25.634,3.999,9.352,7.201,6474.842,26964492607.0,36575675902.0,34781251376.0
2006-08-31,57.335,25.61,4.054,9.319,7.318,6502.508,27248039408.0,36955617581.0,35123725726.0
2006-09-30,57.331,25.61,4.045,9.288,7.297,6529.195,27534567864.0,37339506028.0,35469572258.0
2006-10-31,57.339,25.661,4.014,9.258,7.27,6556.908,27824109328.0,37727382239.0,35818824174.0
2006-11-30,57.356,25.761,3.978,9.227,7.108,6585.902,28116695482.0,38119287641.0,36171515008.0
2006-12-31,57.381,25.901,3.938,9.195,6.981,6615.812,28412358345.0,38515264087.0,36527678619.0
2007-01-31,57.413,26.072,3.893,9.162,6.731,6646.275,28711130269.0,38915353867.0,36887349203.0
2007-02-28,57.452,26.264,3.839,9.127,6.501,6676.928,29012122315.0,39379064000.0,37315193519.0
2007-03-31,57.498,26.468,3.773,9.089,6.298,6707.407,29316269800.0,39848299641.0,37748000262.0
2007-04-30,57.548,26.675,3.694,9.049,6.0,6737.348,29623605803.0,40323126631.0,38185826989.0
2007-05-31,57.603,26.875,3.607,9.006,5.746,6766.389,29934163752.0,40803611595.0,38628731924.0
2007-06-30,57.662,27.06,3.519,8.958,5.539,6794.165,30247977423.0,41289821954.0,39076773970.0
2007-07-31,57.725,27.22,3.441,8.906,5.465,6820.313,30565080948.0,41781825930.0,39530012709.0
2007-08-31,57.79,27.345,3.383,8.849,5.347,6844.47,30885508816.0,42279692560.0,39988508416.0
2007-09-30,57.857,27.428,3.357,8.785,5.318,6866.307,31209295877.0,42783491701.0,40452322065.0
2007-10-31,57.946,27.495,3.39,8.688,5.253,6886.576,31536477347.0,43293294046.0,40921515337.0
2007-11-30,58.061,27.561,3.485,8.553,5.235,6905.807,31867088812.0,43809171126.0,41396150629.0
2007-12-31,58.199,27.624,3.631,8.387,5.214,6924.12,32201166230.0,44331195329.0,41876291060.0
2008-01-31,58.357,27.684,3.815,8.201,5.243,6941.636,32538745936.0,44859439902.0,42362000484.0
2008-02-29,58.531,27.74,4.02,8.002,5.263,6958.474,32868293990.0,44740753005.0,42275342763.0
2008-03-31,58.717,27.791,4.228,7.799,5.237,6974.754,33201179664.0,44622380124.0,42188862313.0
2008-04-30,58.912,27.837,4.422,7.602,5.237,6990.597,33537436758.0,44504320428.0,42102558772.0
2008-05-31,59.112,27.876,4.587,7.419,5.28,7006.122,33877099420.0,44386573089.0,42016431777.0
2008-06-30,59.314,27.907,4.713,7.258,5.216,7021.451,34220202139.0,44269137280.0,41930480968.0
2008-07-31,59.513,27.93,4.796,7.129,5.225,7036.701,34566779757.0,44152012177.0,41844705984.0
2008-08-31,59.708,27.945,4.837,7.04,5.242,7051.995,34916867466.0,44035196957.0,41759106465.0
2008-09-30,59.893,27.95,4.836,6.999,5.189,7067.452,35270500817.0,43918690802.0,41673682053.0
2008-10-31,60.072,27.937,4.798,6.985,5.179,7083.315,35627715718.0,43802492892.0,41588432388.0
2008-11-30,60.25,27.903,4.732,6.974,5.141,7099.584,35988548445.0,43686602414.0,41503357115.0
2008-12-31,60.428,27.853,4.646,6.966,5.063,7116.065,36353035637.0,43571018552.0,41418455876.0
2009-01-31,60.608,27.791,4.539,6.959,4.88,7132.564,36721214306.0,43455740497.0,41333728315.0
2009-02-28,60.789,27.72,4.41,6.953,4.842,7148.885,37062875700.0,43678544882.0,41560539347.0
2009-03-31,60.975,27.645,4.261,6.948,4.681,7164.832,37407715980.0,43902491619.0,41788594963.0
2009-04-30,61.164,27.57,4.096,6.943,4.542,7180.211,37755764721.0,44127586566.0,42017901991.0
2009-05-31,61.359,27.499,3.924,6.938,4.449,7194.826,38107051775.0,44353835611.0,42248467297.0
2009-06-30,61.561,27.436,3.757,6.931,4.397,7208.483,38461607274.0,44581244670.0,42480297788.0
2009-07-31,61.771,27.384,3.613,6.924,4.275,7220.986,38819461627.0,44809819690.0,42713400404.0
2009-08-31,61.99,27.35,3.507,6.914,4.208,7232.14,39180645527.0,45039566650.0,42947782127.0
2009-09-30,62.219,27.335,3.455,6.902,4.211,7241.75,39545189953.0,45270491559.0,43183449976.0
2009-10-31,62.456,27.335,3.461,6.884,4.188,7250.374,39913126171.0,45502600457.0,43420411007.0
2009-11-30,62.701,27.337,3.511,6.856,4.209,7259.039,40284485741.0,45735899413.0,43658672317.0
2009-12-31,62.953,27.341,3.6,6.819,4.267,7267.613,40659300513.0,45970394529.0,43898241041.0
2010-01-31,63.214,27.345,3.716,6.775,4.335,7275.951,41037602636.0,46206091938.0,44139124354.0
2010-02-28,63.486,27.351,3.846,6.726,4.416,7283.907,41351681681.0,46362901172.0,44288309344.0
2010-03-31,63.769,27.357,3.978,6.671,4.499,7291.335,41668164513.0,46520242569.0,44437998561.0
2010-04-30,64.065,27.365,4.098,6.613,4.631,7298.091,41987069529.0,46678117934.0,44588193710.0
2010-05-31,64.374,27.373,4.197,6.553,4.67,7304.028,42308415268.0,46836529079.0,44738896501.0
2010-06-30,64.699,27.383,4.27,6.492,4.759,7309.001,42632220408.0,46995477822.0,44890108649.0
2010-07-31,65.04,27.393,4.316,6.431,4.873,7312.864,42958503773.0,47154965989.0,45041831877.0
2010-08-31,65.398,27.403,4.339,6.372,4.875,7315.472,43287284330.0,47314995410.0,45194067910.0
2010-09-30,65.775,27.414,4.341,6.316,4.915,7316.679,43618581191.0,47475567920.0,45346818484.0
2010-10-31,66.202,27.429,4.322,6.26,4.851,7314.598,43952413614.0,47636685365.0,45500085336.0
2010-11-30,66.755,27.455,4.279,6.196,4.779,7304.951,44288801006.0,47798349592.0,45653870212.0
2010-12-31,67.407,27.49,4.216,6.125,4.642,7288.883,44627762920.0,47960562459.0,45808174863.0
2011-01-31,68.13,27.532,4.134,6.049,4.493,7267.863,44969319061.0,48123325825.0,45963001045.0
2011-02-28,68.892,27.579,4.03,5.973,4.314,7243.357,45260945451.0,48055136571.0,45916402667.0
2011-03-31,69.664,27.629,3.906,5.897,4.102,7216.831,45554463040.0,47987043940.0,45869851532.0
2011-04-30,70.414,27.678,3.764,5.825,3.888,7189.752,45849884093.0,47919047794.0,45823347592.0
2011-05-31,71.114,27.725,3.612,5.758,3.69,7163.587,46147220955.0,47851147996.0,45776890798.0
2011-06-30,71.733,27.767,3.462,5.7,3.532,7139.802,46446486048.0,47783344409.0,45730481103.0
2011-07-31,72.239,27.802,3.327,5.653,3.361,7119.865,46747691877.0,47715636899.0,45684118460.0
2011-08-31,72.604,27.828,3.223,5.62,3.259,7105.242,47050851029.0,47648025328.0,45637802820.0
2011-09-30,72.797,27.841,3.163,5.602,3.207,7097.4,47355976170.0,47580509560.0,45591534136.0
2011-10-31,72.818,27.836,3.158,5.602,3.215,7097.712,47663080051.0,47513089460.0,45545312360.0
2011-11-30,72.81,27.792,3.206,5.615,3.195,7106.063,47972175502.0,47445764893.0,45499137446.0
2011-12-31,72.796,27.713,3.3,5.639,3.284,7121.157,48283275440.0,47378535722.0,45453009344.0
2012-01-31,72.776,27.608,3.43,5.672,3.327,7141.671,48596392863.0,47311401813.0,45406928008.0
2012-02-29,72.753,27.482,3.584,5.713,3.357,7166.28,48842235969.0,47424409046.0,45507109313.0
2012-03-31,72.727,27.345,3.749,5.76,3.488,7193.657,49089322766.0,47537686206.0,45607511648.0
2012-04-30,72.701,27.203,3.911,5.811,3.575,7222.48,49337659543.0,47651233938.0,45708135501.0
2012-05-31,72.676,27.065,4.062,5.865,3.6,7251.423,49587252626.0,47765052889.0,45808981360.0
2012-06-30,72.652,26.938,4.195,5.92,3.703,7279.161,49838108369.0,47879143705.0,45910049716.0
2012-07-31,72.632,26.83,4.308,5.974,3.828,7304.37,50090233159.0,47993507037.0,46011341059.0
2012-08-31,72.617,26.749,4.404,6.025,3.905,7325.724,50343633418.0,48108143535.0,46112855880.0
2012-09-30,72.608,26.701,4.487,6.073,3.934,7341.899,50598315597.0,48223053853.0,46214594674.0
2012-10-31,72.608,26.693,4.559,6.115,4.0,7351.981,50854286182.0,48338238643.0,46316557934.0
2012-11-30,72.617,26.704,4.646,6.154,4.077,7359.54,51111551690.0,48453698561.0,46418746156.0
2012-12-31,72.637,26.726,4.751,6.19,4.153,7365.916,51370118672.0,48569434265.0,46521159836.0
2013-01-31,72.666,26.758,4.866,6.225,4.232,7371.351,51629993713.0,48685446414.0,46623799470.0
2013-02-28,72.703,26.797,4.981,6.26,4.279,7376.091,51960050349.0,48815709493.0,46782812399.0
2013-03-31,72.746,26.842,5.082,6.295,4.354,7380.379,52292216949.0,48946321105.0,46942367650.0
2013-04-30,72.794,26.891,5.162,6.331,4.445,7384.461,52626507000.0,49077282182.0,47102467072.0
2013-05-31,72.846,26.942,5.214,6.369,4.443,7388.58,52962934077.0,49208593660.0,47263112522.0
2013-06-30,72.901,26.994,5.239,6.409,4.519,7392.981,53301511842.0,49340256475.0,47424305862.0
2013-07-31,72.957,27.044,5.244,6.453,4.613,7397.909,53642254043.0,49472271568.0,47586048960.0
2013-08-31,73.013,27.091,5.236,6.501,4.676,7403.608,53985174518.0,49604639881.0,47748343691.0
2013-09-30,73.068,27.133,5.226,6.554,4.678,7410.323,54330287190.0,49737362360.0,47911191937.0
2013-10-31,73.121,27.169,5.22,6.612,4.708,7418.358,54677606075.0,49870439952.0,48074595586.0
2013-11-30,73.176,27.201,5.215,6.683,4.693,7429.718,55027145276.0,50003873607.0,48238556531.0
2013-12-31,73.236,27.232,5.209,6.768,4.75,7444.71,55378918987.0,50137664278.0,48403076674.0
2014-01-31,73.301,27.263,5.196,6.864,4.782,7462.558,55732941492.0,50271812921.0,48568157922.0
2014-02-28,73.368,27.292,5.17,6.971,4.776,7482.488,55978293489.0,49881183669.0,48224348980.0
2014-03-31,73.438,27.321,5.124,7.087,4.8,7503.725,56224725593.0,49493589742.0,47882973826.0
2014-04-30,73.511,27.349,5.054,7.21,4.829,7525.493,56472242561.0,49109007552.0,47544015232.0
2014-05-31,73.584,27.377,4.963,7.338,4.811,7547.019,56720849167.0,48727413698.0,47207456090.0
2014-06-30,73.659,27.405,4.857,7.47,4.855,7567.527,56970550210.0,48348784959.0,46873279415.0
2014-07-31,73.733,27.433,4.748,7.604,4.856,7586.243,57221350506.0,47973098296.0,46541468342.0
2014-08-31,73.807,27.461,4.649,7.739,4.876,7602.392,57473254895.0,47600330846.0,46212006125.0
2014-09-30,73.879,27.489,4.573,7.873,4.861,7615.198,57726268238.0,47230459929.0,45884876137.0
2014-10-31,73.949,27.518,4.53,8.004,4.938,7623.89,57980395416.0,46863463035.0,45560061868.0
2014-11-30,74.016,27.548,4.517,8.136,4.897,7630.061,58235641333.0,46499317833.0,45237546926.0
2014-12-31,74.079,27.578,4.522,8.274,4.873,7635.614,58492010914.0,46138002164.0,44917315033.0
2015-01-31,74.14,27.608,4.54,8.417,4.835,7640.618,58749509106.0,45779494042.0,44599350029.0
2015-02-28,74.199,27.639,4.56,8.563,4.746,7645.143,59129337196.0,45659493920.0,44498451750.0
2015-03-31,74.259,27.669,4.572,8.712,4.639,7649.257,59511620955.0,45539808350.0,44397781736.0
2015-04-30,74.319,27.7,4.569,8.864,4.607,7653.03,59896376261.0,45420436508.0,44297339471.0
2015-05-31,74.382,27.73,4.548,9.017,4.538,7656.529,60283619091.0,45301377571.0,44197124439.0
2015-06-30,74.449,27.759,4.511,9.171,4.483,7659.825,60673365529.0,45182630718.0,44097136126.0
2015-07-31,74.521,27.787,4.463,9.325,4.393,7662.985,61065631760.0,45064195133.0,43997374019.0
2015-08-31,74.599,27.815,4.413,9.478,4.317,7666.079,61460434077.0,44946069998.0,43897837606.0
2015-09-30,74.684,27.841,4.37,9.63,4.296,7669.175,61857788874.0,44828254501.0,43798526378.0
2015-10-31,74.778,27.866,4.338,9.779,4.288,7672.343,62257712655.0,44710747828.0,43699439824.0
2015-11-30,74.883,27.89,4.312,9.928,4.313,7675.465,62660222028.0,44593549172.0,43600577436.0
2015-12-31,75.002,27.914,4.282,10.08,4.306,7678.294,63065333710.0,44476657725.0,43501938706.0
2016-01-31,75.135,27.938,4.244,10.233,4.288,7680.891,63473064525.0,44360072680.0,43403523130.0
2016-02-29,75.281,27.962,4.193,10.387,4.342,7683.323,64073650211.0,44172736954.0,43212949328.0
2016-03-31,75.44,27.985,4.126,10.541,4.309,7685.655,64679918673.0,43986192359.0,43023212286.0
2016-04-30,75.612,28.008,4.04,10.694,4.277,7687.952,65291923681.0,43800435556.0,42834308332.0
2016-05-31,75.795,28.029,3.94,10.846,4.266,7690.281,65909719514.0,43615463216.0,42646233806.0
2016-06-30,75.99,28.049,3.832,10.996,4.27,7692.708,66533360967.0,43431272028.0,42458985068.0
2016-07-31,76.196,28.068,3.728,11.143,4.278,7695.296,67162903349.0,43247858692.0,42272558491.0
2016-08-31,76.413,28.085,3.639,11.287,4.271,7698.114,67798402497.0,43065219924.0,42086950466.0
2016-09-30,76.64,28.099,3.575,11.426,4.273,7701.225,68439914773.0,42883352452.0,41902157398.0
2016-10-31,76.876,28.112,3.547,11.56,4.282,7704.697,69087497074.0,42702253020.0,41718175710.0
2016-11-30,77.14,28.122,3.563,11.69,4.276,7708.626,69741206836.0,42521918383.0,41535001838.0
2016-12-31,77.475,28.133,3.631,11.819,4.361,7713.119,70401102035.0,42342345312.0,41352632236.0
2017-01-31,77.871,28.143,3.743,11.948,4.329,7718.139,71067241200.0,42163530591.0,41171063372.0
2017-02-28,78.312,28.153,3.886,12.075,4.421,7723.64,71475404212.0,42206865937.0,41210785007.0
2017-03-31,78.783,28.162,4.047,12.2,4.477,7729.579,71885911441.0,42250245823.0,41250544966.0
2017-04-30,79.268,28.171,4.216,12.323,4.606,7735.908,72298776350.0,42293670294.0,41290343284.0
2017-05-31,79.753,28.179,4.383,12.441,4.612,7742.584,72714012482.0,42337139397.0,41330180000.0
2017-06-30,80.221,28.186,4.543,12.556,4.732,7749.56,73131633453.0,42380653176.0,41370055150.0
2017-07-31,80.657,28.192,4.695,12.666,4.886,7756.792,73551652963.0,42424211679.0,41409968771.0
2017-08-31,81.047,28.196,4.843,12.77,4.979,7764.234,73974084785.0,42467814951.0,41449920901.0
2017-09-30,81.375,28.2,4.993,12.868,5.079,7771.84,74398942775.0,42511463038.0,41489911576.0
2017-10-31,81.625,28.201,5.147,12.959,5.126,7779.567,74826240866.0,42555155987.0,41529940834.0
2017-11-30,81.793,28.201,5.313,13.043,5.223,7787.577,75255993075.0,42598893842.0,41570008712.0
2017-12-31,81.928,28.2,5.52,13.125,5.411,7796.87,75688213494.0,42642676651.0,41610115248.0
2018-01-31,82.042,28.197,5.762,13.203,5.6,7807.32,76122916300.0,42686504460.0,41650260478.0
2018-02-28,82.14,28.194,6.019,13.279,5.739,7818.618,76784796552.0,42620880581.0,41579866077.0
2018-03-31,82.226,28.189,6.274,13.353,5.934,7830.456,77452431778.0,42555357588.0,41509590652.0
2018-04-30,82.304,28.184,6.507,13.423,6.099,7842.525,78125872018.0,42489935327.0,41439434002.0
2018-05-31,82.378,28.178,6.706,13.49,6.362,7854.514,78805167746.0,42424613643.0,41369395926.0
2018-06-30,82.454,28.171,6.865,13.553,6.484,7866.116,79490369874.0,42359392380.0,41299476223.0
2018-07-31,82.534,28.165,6.985,13.613,6.688,7877.021,80181529758.0,42294271385.0,41229674694.0
2018-08-31,82.624,28.157,7.072,13.67,6.87,7886.921,80878699200.0,42229250504.0,41159991139.0
2018-09-30,82.728,28.15,7.135,13.722,7.027,7895.505,81581930453.0,42164329582.0,41090425358.0
2018-10-31,82.849,28.142,7.179,13.771,7.106,7902.466,82291276222.0,42099508465.0,41020977152.0
2018-11-30,82.994,28.135,7.204,13.815,7.171,7907.627,83006789674.0,42034787002.0,40951646323.0
2018-12-31,83.177,28.126,7.233,13.859,7.318,7912.309,83728524436.0,41970165037.0,40882432671.0
2019-01-31,83.396,28.116,7.265,13.901,7.344,7916.881,84456534600.0,41905642419.0,40813336001.0
2019-02-28,83.646,28.105,7.285,13.943,7.457,7921.283,85150112089.0,41954176931.0,40836738440.0
2019-03-31,83.921,28.093,7.282,13.983,7.46,7925.456,85849385404.0,42002767656.0,40860154298.0
2019-04-30,84.215,28.08,7.245,14.02,7.571,7929.343,86554401321.0,42051414657.0,40883583583.0
2019-05-31,84.522,28.067,7.173,14.056,7.635,7932.883,87265206999.0,42100118001.0,40907026303.0
2019-06-30,84.835,28.053,7.072,14.089,7.611,7936.019,87981849985.0,42148877752.0,40930482464.0
2019-07-31,85.15,28.039,6.955,14.119,7.697,7938.691,88704378216.0,42197693976.0,40953952075.0
2019-08-31,85.459,28.025,6.836,14.146,7.7,7940.841,89432840024.0,42246566738.0,40977435144.0
2019-09-30,85.758,28.011,6.731,14.169,7.713,7942.41,90167284137.0,42295496105.0,41000931678.0
2019-10-31,86.041,27.998,6.652,14.188,7.873,7943.339,90907759682.0,42344482140.0,41024441685.0
2019-11-30,86.301,27.985,6.601,14.202,7.771,7943.014,91654316192.0,42393524910.0,41047965173.0
2019-12-31,86.572,27.972,6.56,14.214,7.803,7921.48,92407003604.0,42442624481.0,41071502149.0
2020-01-31,86.866,27.959,6.513,14.224,7.618,7872.817,93165872268.0,42491780918.0,41095052621.0
2020-02-29,87.173,27.945,6.451,14.232,7.539,7802.563,93814597267.0,42836059505.0,41451476440.0
2020-03-31,87.484,27.931,6.366,14.239,7.373,7716.253,94467839416.0,43183127520.0,41810991579.0
2020-04-30,87.791,27.918,6.255,14.246,7.151,7619.425,95125630167.0,43533007562.0,42173624848.0
2020-05-31,88.086,27.904,6.119,14.252,6.925,7517.613,95788001192.0,43885722417.0,42539403293.0
2020-06-30,88.359,27.89,5.97,14.258,6.71,7416.356,96454984386.0,44241295052.0,42908354191.0
2020-07-31,88.602,27.877,5.821,14.264,6.508,7321.188,97126611863.0,44599748621.0,43280505058.0
2020-08-31,88.805,27.865,5.688,14.271,6.411,7237.646,97802915961.0,44961106467.0,43655883648.0
2020-09-30,88.961,27.853,5.587,14.279,6.262,7171.268,98483929245.0,45325392121.0,44034517955.0
2020-10-31,89.061,27.842,5.532,14.289,6.189,7127.588,99169684505.0,45692629305.0,44416436216.0
2020-11-30,89.095,27.832,5.527,14.3,6.054,7112.141,99860214760.0,46062841932.0,44801666915.0
2020-12-31,89.094,27.823,5.559,14.315,6.13,7117.323,100555553259.0,46436054110.0,45190238779.0
2021-01-31,89.092,27.813,5.603,14.336,6.161,7131.576,101255733482.0,46812290143.0,45582180788.0
2021-02-28,89.088,27.803,5.649,14.36,6.076,7153.448,101995948984.0,46622051037.0,45414195460.0
2021-03-31,89.083,27.793,5.684,14.388,6.074,7181.483,102741575725.0,46432585038.0,45246829213.0
2021-04-30,89.078,27.783,5.702,14.417,6.17,7214.23,103492653264.0,46243889004.0,45080079766.0
2021-05-31,89.072,27.774,5.698,14.448,6.166,7250.235,104249221447.0,46055959807.0,44913944845.0
2021-06-30,89.066,27.765,5.677,14.479,6.218,7288.045,105011320413.0,45868794329.0,44748422186.0
2021-07-31,89.06,27.758,5.644,14.508,6.152,7326.205,105778990594.0,45682389468.0,44583509533.0
2021-08-31,89.056,27.752,5.614,14.536,6.256,7363.264,106552272718.0,45496742132.0,44419204637.0
2021-09-30,89.052,27.747,5.595,14.561,6.206,7397.767,107331207810.0,45311849243.0,44255505258.0
2021-10-31,89.049,27.744,5.597,14.582,6.227,7428.261,108115837195.0,45127707735.0,44092409166.0
2021-11-30,89.048,27.742,5.624,14.598,6.254,7453.294,108906202500.0,44944314555.0,43929914136.0
2021-12-31,89.068,27.742,5.698,14.61,6.374,7474.512,109702345658.0,44761666660.0,43768017954.0
2022-01-31,89.143,27.743,5.854,14.621,6.42,7496.472,110504308905.0,44579761023.0,43606718413.0
2022-02-28,89.263,27.743,6.071,14.63,6.487,7518.786,111296800464.0,44896258227.0,43896936607.0
2022-03-31,89.423,27.744,6.326,14.639,6.567,7540.969,112094975447.0,45215002427.0,44189086307.0
2022-04-30,89.613,27.745,6.596,14.647,6.748,7562.536,112898874614.0,45536009573.0,44483180366.0
2022-05-31,89.826,27.747,6.863,14.655,6.799,7582.999,113708539015.0,45859295733.0,44779231726.0
2022-06-30,90.055,27.748,7.117,14.662,6.973,7601.875,114524009997.0,46184877085.0,45077253413.0
2022-07-31,90.292,27.75,7.351,14.669,7.03,7618.677,115345329203.0,46512769926.0,45377258540.0
2022-08-31,90.528,27.752,7.569,14.675,7.118,7632.919,116172538573.0,46842990666.0,45679260307.0
2022-09-30,90.757,27.754,7.775,14.682,7.209,7644.117,117005680349.0,47175555831.0,45983272004.0
2022-10-31,90.971,27.756,7.97,14.69,7.242,7651.783,117844797076.0,47510482067.0,46289307006.0
2022-11-30,91.161,27.759,8.151,14.697,7.334,7655.433,118689931604.0,47847786135.0,46597378780.0
2022-12-31,91.328,27.762,8.316,14.706,7.293,7654.831,119541127089.0,48187484918.0,46907500881.0
2023-01-31,91.491,27.767,8.488,14.714,7.216,7650.798,120398427000.0,48529595417.0,47219686955.0
2023-02-28,91.652,27.774,8.654,14.722,7.248,7643.998,119557180228.0,48551947008.0,47142203394.0
2023-03-31,91.811,27.782,8.798,14.73,7.09,7635.06,118721811407.0,48574308894.0,47064846977.0
2023-04-30,91.969,27.792,8.906,14.738,7.015,7624.611,117892279468.0,48596681079.0,46987617495.0
2023-05-31,92.124,27.803,8.973,14.747,6.959,7613.279,117068543627.0,48619063568.0,46910514741.0
2023-06-30,92.278,27.815,9.003,14.755,6.811,7601.69,116250563385.0,48641456366.0,46833538506.0
2023-07-31,92.431,27.828,9.01,14.763,6.638,7590.474,115438298527.0,48663859478.0,46756688582.0
2023-08-31,92.582,27.841,9.011,14.771,6.651,7580.257,114631709119.0,48686272908.0,46679964763.0
2023-09-30,92.731,27.854,9.027,14.78,6.529,7571.666,113830755504.0,48708696661.0,46603366841.0
2023-10-31,92.88,27.868,9.071,14.788,6.431,7565.33,113035398305.0,48731130742.0,46526894610.0
2023-11-30,93.027,27.881,9.15,14.796,6.373,7561.876,112245598419.0,48753575156.0,46450547863.0
2023-12-31,93.172,27.895,9.26,14.804,6.451,7561.602,111461317015.0,48776029907.0,46374326395.0
2024-01-31,93.31,27.909,9.388,14.812,6.428,7562.909,110682515535.0,48798495000.0,46298230000.0
2024-02-29,93.441,27.924,9.515,14.821,6.416,7565.321,111142149669.0,48825341534.0,46256693153.0
2024-03-31,93.569,27.941,9.621,14.829,6.462,7568.641,111603692537.0,48852202839.0,46215193572.0
2024-04-30,93.694,27.957,9.693,14.837,6.448,7572.672,112067152067.0,48879078920.0,46173731222.0
2024-05-31,93.819,27.975,9.725,14.845,6.366,7577.217,112532536216.0,48905969788.0,46132306071.0
2024-06-30,93.945,27.993,9.72,14.853,6.386,7582.076,112999852979.0,48932875450.0,46090918085.0
2024-07-31,94.074,28.012,9.693,14.862,6.377,7587.054,113469110380.0,48959795914.0,46049567230.0
2024-08-31,94.209,28.03,9.662,14.87,6.441,7591.951,113940316478.0,48986731188.0,46008253473.0
2024-09-30,94.351,28.049,9.648,14.878,6.349,7596.571,114413479365.0,49013681281.0,45966976781.0
2024-10-31,94.502,28.068,9.665,14.886,6.418,7600.716,114888607169.0,49040646201.0,45925737121.0
2024-11-30,94.664,28.087,9.719,14.895,6.442,7604.188,115365708048.0,49067625955.0,45884534460.0
2024-12-31,94.839,28.106,9.804,14.903,6.457,7606.838,115844790196.0,49094620552.0,45843368764.0
2025-01-31,95.039,28.125,9.909,14.911,6.388,7609.147,116325861841.0,49121630000.0,45802240000.0
2025-02-28,95.262,28.144,10.014,14.919,6.45,7611.303,116793107225.0,49146753871.0,45769559304.0
2025-03-31,95.503,28.164,10.099,14.927,6.359,7613.325,117262229392.0,49171890593.0,45736901927.0
2025-04-30,95.76,28.184,10.148,14.936,6.453,7615.233,117733235878.0,49197040171.0,45704267851.0
2025-05-31,96.026,28.205,10.156,14.944,6.361,7617.047,118206134254.0,49222202612.0,45671657060.0
2025-06-30,96.298,28.225,10.127,14.952,6.395,7618.785,118680932117.0,49247377922.0,45639069537.0
2025-07-31,96.572,28.246,10.075,14.96,6.447,7620.467,119157637099.0,49272566109.0,45606505266.0
2025-08-31,96.842,28.266,10.02,14.969,6.364,7622.112,119636256858.0,49297767179.0,45573964231.0
2025-09-30,97.105,28.286,9.983,14.977,6.374,7623.74,120116799086.0,49322981138.0,45541446413.0
2025-10-31,97.357,28.306,9.977,14.985,6.437,7625.37,120599271505.0,49348207993.0,45508951798.0
2025-11-30,97.593,28.325,10.009,14.993,6.437,7627.021,121083681869.0,49373447751.0,45476480369.0
2025-12-31,97.808,28.344,10.072,15.001,6.427,7628.711,121570037960.0,49398700417.0,45444032108.0
2026-01-31,98.013,28.363,10.153,15.01,6.433,7630.407,122058347595.0,49423966000.0,45411607000.0
2026-02-28,98.214,28.381,10.235,15.018,6.414,7632.086,122058347595.0,49423966000.0,45411607000.0
2026-03-31,98.41,28.399,10.295,15.026,6.377,7633.746,122058347595.0,49423966000.0,45411607000.0
2026-04-30,98.603,28.417,10.321,15.034,6.389,7635.388,122058347595.0,49423966000.0,45411607000.0
2026-05-31,98.79,28.435,10.304,15.042,6.368,7637.011,122058347595.0,49423966000.0,45411607000.0
2026-06-30,98.973,28.453,10.252,15.051,6.461,7638.615,122058347595.0,49423966000.0,45411607000.0
2026-07-31,99.151,28.471,10.179,15.059,6.419,7640.199,122058347595.0,49423966000.0,45411607000.0
2026-08-31,99.323,28.488,10.105,15.067,6.396,7641.763,122058347595.0,49423966000.0,45411607000.0
2026-09-30,99.49,28.505,10.052,15.075,6.404,7643.306,122058347595.0,49423966000.0,45411607000.0
2026-10-31,99.651,28.522,10.033,15.084,6.466,7644.829,122058347595.0,49423966000.0,45411607000.0
2026-11-30,99.806,28.539,10.054,15.092,6.365,7646.331,122058347595.0,49423966000.0,45411607000.0
2026-12-31,99.955,28.556,10.11,15.1,6.42,7647.812,122058347595.0,49423966000.0,45411607000.0
